category_order,category_id,category_name,category_image,subcategory_order,subcategory_id,subcategory_name,subcategory_image
1,teacoffehealthdrink,Tea; Coffe & Health Drink,http://res.cloudinary.com/ddwitlcay/image/upload/v1751470541/category-images/wgm8rtjllyrgjjmzriqi.png,1,tea,Tea,http://res.cloudinary.com/ddwitlcay/image/upload/v1751819256/category-images/cwcvslpwtlk1ywf9n0ue.webp
1,teacoffehealthdrink,Tea; Coffe & Health Drink,http://res.cloudinary.com/ddwitlcay/image/upload/v1751470541/category-images/wgm8rtjllyrgjjmzriqi.png,2,importedteacoffee,Imported Tea & Coffee,http://res.cloudinary.com/ddwitlcay/image/upload/v1751819223/category-images/ghrutxndjykpnrcsflsd.webp
1,teacoffehealthdrink,Tea; Coffe & Health Drink,http://res.cloudinary.com/ddwitlcay/image/upload/v1751470541/category-images/wgm8rtjllyrgjjmzriqi.png,3,hotchocolate,Hot Chocolate,http://res.cloudinary.com/ddwitlcay/image/upload/v1751819213/category-images/paxxuiv8hvjxjeqg81zq.webp
1,teacoffehealthdrink,Tea; Coffe & Health Drink,http://res.cloudinary.com/ddwitlcay/image/upload/v1751470541/category-images/wgm8rtjllyrgjjmzriqi.png,4,herbaldrinks,Herbal Drinks,http://res.cloudinary.com/ddwitlcay/image/upload/v1751819204/category-images/zh3ddjw6txflmj0ns6vy.webp
1,teacoffehealthdrink,Tea; Coffe & Health Drink,http://res.cloudinary.com/ddwitlcay/image/upload/v1751470541/category-images/wgm8rtjllyrgjjmzriqi.png,5,greenflavouredtea,Green & Flavoured Tea,http://res.cloudinary.com/ddwitlcay/image/upload/v1751819190/category-images/oxi0jwq21hb85lefuphf.webp
1,teacoffehealthdrink,Tea; Coffe & Health Drink,http://res.cloudinary.com/ddwitlcay/image/upload/v1751470541/category-images/wgm8rtjllyrgjjmzriqi.png,6,fruitjuices,Fruit Juices,http://res.cloudinary.com/ddwitlcay/image/upload/v1751819178/category-images/lmrdhgocnfqr1zecdxgq.webp
1,teacoffehealthdrink,Tea; Coffe & Health Drink,http://res.cloudinary.com/ddwitlcay/image/upload/v1751470541/category-images/wgm8rtjllyrgjjmzriqi.png,7,energydrinks,Energy Drinks,http://res.cloudinary.com/ddwitlcay/image/upload/v1751819163/category-images/w6tjkisy5jb0nbil5lk0.webp
1,teacoffehealthdrink,Tea; Coffe & Health Drink,http://res.cloudinary.com/ddwitlcay/image/upload/v1751470541/category-images/wgm8rtjllyrgjjmzriqi.png,8,coldcoffeeicetea,Cold Coffee & Ice Tea,http://res.cloudinary.com/ddwitlcay/image/upload/v1751819153/category-images/sjctbypxdh4i56abln7g.webp
1,teacoffehealthdrink,Tea; Coffe & Health Drink,http://res.cloudinary.com/ddwitlcay/image/upload/v1751470541/category-images/wgm8rtjllyrgjjmzriqi.png,9,coffee,Coffee,http://res.cloudinary.com/ddwitlcay/image/upload/v1751819140/category-images/z5xcdjwmn1ypplizncec.png
2,sweettooth,Sweet Tooth,http://res.cloudinary.com/ddwitlcay/image/upload/v1751470528/category-images/uv6ahjjwozv5gdg5hsna.png,1,syrups,Syrups,http://res.cloudinary.com/ddwitlcay/image/upload/v1751819120/category-images/xqdvoqad1wbrxtvuygpc.webp
2,sweettooth,Sweet Tooth,http://res.cloudinary.com/ddwitlcay/image/upload/v1751470528/category-images/uv6ahjjwozv5gdg5hsna.png,2,mouthfresheners,Mouth Fresheners,http://res.cloudinary.com/ddwitlcay/image/upload/v1751819104/category-images/erulhpelicjxxyyt6tlu.webp
2,sweettooth,Sweet Tooth,http://res.cloudinary.com/ddwitlcay/image/upload/v1751470528/category-images/uv6ahjjwozv5gdg5hsna.png,3,indiansweets,Indian Sweets,http://res.cloudinary.com/ddwitlcay/image/upload/v1751819094/category-images/w91mtahnh8igg1zm0kdu.webp
2,sweettooth,Sweet Tooth,http://res.cloudinary.com/ddwitlcay/image/upload/v1751470528/category-images/uv6ahjjwozv5gdg5hsna.png,4,icecreamfrozendessert,Ice Cream & Frozen Dessert,http://res.cloudinary.com/ddwitlcay/image/upload/v1751819083/category-images/ig0e0lyictsiwdzckgwk.webp
2,sweettooth,Sweet Tooth,http://res.cloudinary.com/ddwitlcay/image/upload/v1751470528/category-images/uv6ahjjwozv5gdg5hsna.png,5,energybars,Energy Bars,http://res.cloudinary.com/ddwitlcay/image/upload/v1751819073/category-images/rwiispye9zcknnlqjm9b.png
2,sweettooth,Sweet Tooth,http://res.cloudinary.com/ddwitlcay/image/upload/v1751470528/category-images/uv6ahjjwozv5gdg5hsna.png,6,flavouredyougurts,Flavoured Yougurts,http://res.cloudinary.com/ddwitlcay/image/upload/v1751819062/category-images/eecgauywjm8zrklhty5c.webp
2,sweettooth,Sweet Tooth,http://res.cloudinary.com/ddwitlcay/image/upload/v1751470528/category-images/uv6ahjjwozv5gdg5hsna.png,7,chocolates,Chocolates,http://res.cloudinary.com/ddwitlcay/image/upload/v1751819046/category-images/ushzw34pe2rf5nbt50oi.png
2,sweettooth,Sweet Tooth,http://res.cloudinary.com/ddwitlcay/image/upload/v1751470528/category-images/uv6ahjjwozv5gdg5hsna.png,8,candiesgum,Candies & Gum,http://res.cloudinary.com/ddwitlcay/image/upload/v1751819032/category-images/cmk9z8lfjfxmloohxhfy.webp
2,sweettooth,Sweet Tooth,http://res.cloudinary.com/ddwitlcay/image/upload/v1751470528/category-images/uv6ahjjwozv5gdg5hsna.png,9,cakesrolls,Cakes & Rolls,http://res.cloudinary.com/ddwitlcay/image/upload/v1751819018/category-images/olhdh4bgwaxsyjnja9iz.webp
3,snacksmunchies,Snacks & Munchies,http://res.cloudinary.com/ddwitlcay/image/upload/v1751470514/category-images/dl14mp7wcr71j5ngvd06.png,1,ruskswafers,Rusks & Wafers,http://res.cloudinary.com/ddwitlcay/image/upload/v1751818997/category-images/whgs8un6ck9kyqrlqttp.png
3,snacksmunchies,Snacks & Munchies,http://res.cloudinary.com/ddwitlcay/image/upload/v1751470514/category-images/dl14mp7wcr71j5ngvd06.png,2,popcorn,Popcorn,http://res.cloudinary.com/ddwitlcay/image/upload/v1751818985/category-images/ofhqtjahrxqgjbjl2lia.webp
3,snacksmunchies,Snacks & Munchies,http://res.cloudinary.com/ddwitlcay/image/upload/v1751470514/category-images/dl14mp7wcr71j5ngvd06.png,3,papadfryums,Papad & Fryums,http://res.cloudinary.com/ddwitlcay/image/upload/v1751818969/category-images/ko6e0ing5lt7lyay9lqu.webp
3,snacksmunchies,Snacks & Munchies,http://res.cloudinary.com/ddwitlcay/image/upload/v1751470514/category-images/dl14mp7wcr71j5ngvd06.png,4,namkeensnacks,Namkeen Snacks,http://res.cloudinary.com/ddwitlcay/image/upload/v1751818955/category-images/vacvqphei0fmuympcofl.webp
3,snacksmunchies,Snacks & Munchies,http://res.cloudinary.com/ddwitlcay/image/upload/v1751470514/category-images/dl14mp7wcr71j5ngvd06.png,5,nachos,Nachos,http://res.cloudinary.com/ddwitlcay/image/upload/v1751818943/category-images/bgjcjxplwsnjcijwyujq.webp
3,snacksmunchies,Snacks & Munchies,http://res.cloudinary.com/ddwitlcay/image/upload/v1751470514/category-images/dl14mp7wcr71j5ngvd06.png,6,munchiesgiftpacks,Munchies Gift Packs,http://res.cloudinary.com/ddwitlcay/image/upload/v1751818931/category-images/igxpiqwotyw75truw5xa.png
3,snacksmunchies,Snacks & Munchies,http://res.cloudinary.com/ddwitlcay/image/upload/v1751470514/category-images/dl14mp7wcr71j5ngvd06.png,7,makhanamore,Makhana & More,http://res.cloudinary.com/ddwitlcay/image/upload/v1751818912/category-images/j375cittoa2zzbpivtfq.png
3,snacksmunchies,Snacks & Munchies,http://res.cloudinary.com/ddwitlcay/image/upload/v1751470514/category-images/dl14mp7wcr71j5ngvd06.png,8,importedsnacks,Imported Snacks,http://res.cloudinary.com/ddwitlcay/image/upload/v1751818900/category-images/jnu8pzqyhptewrmomd6t.webp
3,snacksmunchies,Snacks & Munchies,http://res.cloudinary.com/ddwitlcay/image/upload/v1751470514/category-images/dl14mp7wcr71j5ngvd06.png,9,granola,Granola,http://res.cloudinary.com/ddwitlcay/image/upload/v1751818842/category-images/w5zuho5sug8fmfynchfj.webp
3,snacksmunchies,Snacks & Munchies,http://res.cloudinary.com/ddwitlcay/image/upload/v1751470514/category-images/dl14mp7wcr71j5ngvd06.png,10,chipscrisps,Chips & Crisps,http://res.cloudinary.com/ddwitlcay/image/upload/v1751818827/category-images/paz1xnor7e8iwzycfwrp.webp
3,snacksmunchies,Snacks & Munchies,http://res.cloudinary.com/ddwitlcay/image/upload/v1751470514/category-images/dl14mp7wcr71j5ngvd06.png,11,energybarssnacks,Energy Bars,http://res.cloudinary.com/ddwitlcay/image/upload/v1751818817/category-images/f4efpd6reke3ejkzx4tf.png
3,snacksmunchies,Snacks & Munchies,http://res.cloudinary.com/ddwitlcay/image/upload/v1751470514/category-images/dl14mp7wcr71j5ngvd06.png,12,bhujiamixtures,Bhujia & Mixtures,http://res.cloudinary.com/ddwitlcay/image/upload/v1751818803/category-images/qqq6rlihpbp6nqgrtekg.webp
4,saucesspreads,Sauces & Spreads,http://res.cloudinary.com/ddwitlcay/image/upload/v1751470502/category-images/lnnfqdhbacf85kjq03i9.png,1,tomatochilliketchup,Tomato & Chilli Ketchup,http://res.cloudinary.com/ddwitlcay/image/upload/v1751818784/category-images/oddbxoo9z8znvqscpnjj.webp
4,saucesspreads,Sauces & Spreads,http://res.cloudinary.com/ddwitlcay/image/upload/v1751470502/category-images/lnnfqdhbacf85kjq03i9.png,2,jamspreads,Jam & Spreads,http://res.cloudinary.com/ddwitlcay/image/upload/v1751818770/category-images/gli32dzkvxirhd7fh5qi.webp
4,saucesspreads,Sauces & Spreads,http://res.cloudinary.com/ddwitlcay/image/upload/v1751470502/category-images/lnnfqdhbacf85kjq03i9.png,3,indianchutnypickle,Indian Chutney & Pickle,http://res.cloudinary.com/ddwitlcay/image/upload/v1751818756/category-images/r0oe68vqslfkxeshs3dw.webp
4,saucesspreads,Sauces & Spreads,http://res.cloudinary.com/ddwitlcay/image/upload/v1751470502/category-images/lnnfqdhbacf85kjq03i9.png,4,cookingsaucesvinegar,Cooking Sauces & Vinegar,http://res.cloudinary.com/ddwitlcay/image/upload/v1751818743/category-images/ox9jacovwho4qobzztio.webp
4,saucesspreads,Sauces & Spreads,http://res.cloudinary.com/ddwitlcay/image/upload/v1751470502/category-images/lnnfqdhbacf85kjq03i9.png,5,asiansauces,Asian Sauces,http://res.cloudinary.com/ddwitlcay/image/upload/v1751818730/category-images/fe8y8qlunn7on0m7jl9m.webp
5,pharmawellness,Pharma & Wellness,http://res.cloudinary.com/ddwitlcay/image/upload/v1751470480/category-images/iu8tj8fxganjsv9owjzj.png,1,woundcarepainrelief,Wound Care And Pain Relief,http://res.cloudinary.com/ddwitlcay/image/upload/v1751818710/category-images/mcaxrvla1c5le2lakxta.webp
5,pharmawellness,Pharma & Wellness,http://res.cloudinary.com/ddwitlcay/image/upload/v1751470480/category-images/iu8tj8fxganjsv9owjzj.png,2,smokingcessation,Smoking Cessation,http://res.cloudinary.com/ddwitlcay/image/upload/v1751818695/category-images/hh3jhspimafwiqc2wjpq.webp
5,pharmawellness,Pharma & Wellness,http://res.cloudinary.com/ddwitlcay/image/upload/v1751470480/category-images/iu8tj8fxganjsv9owjzj.png,3,skintreatment,Skin Treatment,http://res.cloudinary.com/ddwitlcay/image/upload/v1751818684/category-images/t62knfff7irhfip5jivd.webp
5,pharmawellness,Pharma & Wellness,http://res.cloudinary.com/ddwitlcay/image/upload/v1751470480/category-images/iu8tj8fxganjsv9owjzj.png,4,protensportssupplements,Proten & Sports supplements,http://res.cloudinary.com/ddwitlcay/image/upload/v1751818668/category-images/gj0amgrjkt04mnilueuh.webp
5,pharmawellness,Pharma & Wellness,http://res.cloudinary.com/ddwitlcay/image/upload/v1751470480/category-images/iu8tj8fxganjsv9owjzj.png,5,prepostworkout,Pre & Post Workout,http://res.cloudinary.com/ddwitlcay/image/upload/v1751818657/category-images/tbeika6wnh9p2iysbynr.webp
5,pharmawellness,Pharma & Wellness,http://res.cloudinary.com/ddwitlcay/image/upload/v1751470480/category-images/iu8tj8fxganjsv9owjzj.png,6,milkdrinkspharma,Milk Drinks,http://res.cloudinary.com/ddwitlcay/image/upload/v1751818641/category-images/eq0wqmxry9fyimoqdv0m.webp
5,pharmawellness,Pharma & Wellness,http://res.cloudinary.com/ddwitlcay/image/upload/v1751470480/category-images/iu8tj8fxganjsv9owjzj.png,7,oralhealtheyecare,Oral Health & Eye Care,http://res.cloudinary.com/ddwitlcay/image/upload/v1751818622/category-images/sobcszrp9hlifpn8s3z7.webp
5,pharmawellness,Pharma & Wellness,http://res.cloudinary.com/ddwitlcay/image/upload/v1751470480/category-images/iu8tj8fxganjsv9owjzj.png,8,coughcold,Cough & Cold,http://res.cloudinary.com/ddwitlcay/image/upload/v1751818609/category-images/kg8bg6fclxne3gjd0tmd.webp
5,pharmawellness,Pharma & Wellness,http://res.cloudinary.com/ddwitlcay/image/upload/v1751470480/category-images/iu8tj8fxganjsv9owjzj.png,9,markssanitizers,Marks & Sanitizers,http://res.cloudinary.com/ddwitlcay/image/upload/v1751818588/category-images/ff1nodrscplrzinqyuek.webp
5,pharmawellness,Pharma & Wellness,http://res.cloudinary.com/ddwitlcay/image/upload/v1751470480/category-images/iu8tj8fxganjsv9owjzj.png,10,herbaldrinkspharma,Herbal Drinks,http://res.cloudinary.com/ddwitlcay/image/upload/v1751818579/category-images/umqollg6eyxj596dznpx.webp
5,pharmawellness,Pharma & Wellness,http://res.cloudinary.com/ddwitlcay/image/upload/v1751470480/category-images/iu8tj8fxganjsv9owjzj.png,11,healthcaredevices,Healthcare Devices,http://res.cloudinary.com/ddwitlcay/image/upload/v1751818563/category-images/gzcsncizcl5yhufxsgo7.webp
5,pharmawellness,Pharma & Wellness,http://res.cloudinary.com/ddwitlcay/image/upload/v1751470480/category-images/iu8tj8fxganjsv9owjzj.png,12,everydaymedicines,Everyday Medicines,http://res.cloudinary.com/ddwitlcay/image/upload/v1751818549/category-images/shnukygzant1gk8d5znk.webp
5,pharmawellness,Pharma & Wellness,http://res.cloudinary.com/ddwitlcay/image/upload/v1751470480/category-images/iu8tj8fxganjsv9owjzj.png,13,digestivecare,Digestive Care,http://res.cloudinary.com/ddwitlcay/image/upload/v1751818534/category-images/xklnnpbm4uh3wjnxudru.webp
5,pharmawellness,Pharma & Wellness,http://res.cloudinary.com/ddwitlcay/image/upload/v1751470480/category-images/iu8tj8fxganjsv9owjzj.png,14,chyawanprash,Chyawanprash,http://res.cloudinary.com/ddwitlcay/image/upload/v1751818518/category-images/v8jgmuzcft4jlnr4afow.webp
5,pharmawellness,Pharma & Wellness,http://res.cloudinary.com/ddwitlcay/image/upload/v1751470480/category-images/iu8tj8fxganjsv9owjzj.png,15,beautysupplements,Beauty Supplements,http://res.cloudinary.com/ddwitlcay/image/upload/v1751818508/category-images/f1nqlyoophxnyxuf71i9.webp
5,pharmawellness,Pharma & Wellness,http://res.cloudinary.com/ddwitlcay/image/upload/v1751470480/category-images/iu8tj8fxganjsv9owjzj.png,16,antisepticliquid,Antiseptic Liquid.webp,http://res.cloudinary.com/ddwitlcay/image/upload/v1751818494/category-images/qxvjoyd0eyiovxp5owvk.webp
5,pharmawellness,Pharma & Wellness,http://res.cloudinary.com/ddwitlcay/image/upload/v1751470480/category-images/iu8tj8fxganjsv9owjzj.png,17,adultdiapers,Adult Diapers,http://res.cloudinary.com/ddwitlcay/image/upload/v1751818476/category-images/ozw1bzq7rrqdwezxcryo.webp
6,petcare,Pet Care,http://res.cloudinary.com/ddwitlcay/image/upload/v1751470465/category-images/hk1hkoltzmwla2gn8k6j.png,1,petgrooming,Pet Grooming,http://res.cloudinary.com/ddwitlcay/image/upload/v1751818453/category-images/lwsrgntygoe8uvkolg5a.png
6,petcare,Pet Care,http://res.cloudinary.com/ddwitlcay/image/upload/v1751470465/category-images/hk1hkoltzmwla2gn8k6j.png,2,dogneeds,Dog Needs,http://res.cloudinary.com/ddwitlcay/image/upload/v1751818434/category-images/ijhdca7vrwicvphbkzke.png
6,petcare,Pet Care,http://res.cloudinary.com/ddwitlcay/image/upload/v1751470465/category-images/hk1hkoltzmwla2gn8k6j.png,3,diversepetfood,Diverse Pet Food,http://res.cloudinary.com/ddwitlcay/image/upload/v1751818420/category-images/kwjy7jt1f95jg810as18.png
6,petcare,Pet Care,http://res.cloudinary.com/ddwitlcay/image/upload/v1751470465/category-images/hk1hkoltzmwla2gn8k6j.png,4,catneeds,Cat Needs,http://res.cloudinary.com/ddwitlcay/image/upload/v1751818409/category-images/xlajranr5jshq9jzqyh8.png
6,petcare,Pet Care,http://res.cloudinary.com/ddwitlcay/image/upload/v1751470465/category-images/hk1hkoltzmwla2gn8k6j.png,5,accessoriesothersupplies,Accessories & Other Supplies,http://res.cloudinary.com/ddwitlcay/image/upload/v1751818389/category-images/jocquciw45iut6upsnow.png
7,personalcare,Personal Care,http://res.cloudinary.com/ddwitlcay/image/upload/v1751470419/category-images/gleicfxk7srdha9dmczj.png,1,showergelsscrubs,Shower Gels & Scrubs,http://res.cloudinary.com/ddwitlcay/image/upload/v1751818368/category-images/whysa088sm0yy7hd02id.webp
7,personalcare,Personal Care,http://res.cloudinary.com/ddwitlcay/image/upload/v1751470419/category-images/gleicfxk7srdha9dmczj.png,2,shampooconditioner,Shampoo & Conditioner,http://res.cloudinary.com/ddwitlcay/image/upload/v1751818342/category-images/vnbfhhnn9ql7rqfrn6bb.webp
7,personalcare,Personal Care,http://res.cloudinary.com/ddwitlcay/image/upload/v1751470419/category-images/gleicfxk7srdha9dmczj.png,3,mensgrooming,Men's Grooming,http://res.cloudinary.com/ddwitlcay/image/upload/v1751818318/category-images/a76gotfl9jjsnompfw2v.png
7,personalcare,Personal Care,http://res.cloudinary.com/ddwitlcay/image/upload/v1751470419/category-images/gleicfxk7srdha9dmczj.png,4,makeup,Makeup,http://res.cloudinary.com/ddwitlcay/image/upload/v1751818305/category-images/wdp2wvleclswgwysvrqn.webp
7,personalcare,Personal Care,http://res.cloudinary.com/ddwitlcay/image/upload/v1751470419/category-images/gleicfxk7srdha9dmczj.png,5,sunscreen,Sunscreen,http://res.cloudinary.com/ddwitlcay/image/upload/v1751818277/category-images/ak4a5xqbyejtk6wpu0af.webp
7,personalcare,Personal Care,http://res.cloudinary.com/ddwitlcay/image/upload/v1751470419/category-images/gleicfxk7srdha9dmczj.png,6,handwash,Handwash,http://res.cloudinary.com/ddwitlcay/image/upload/v1751818258/category-images/yoblibd20ecdady6aewj.webp
7,personalcare,Personal Care,http://res.cloudinary.com/ddwitlcay/image/upload/v1751470419/category-images/gleicfxk7srdha9dmczj.png,7,hairstyling,Hair Styling,http://res.cloudinary.com/ddwitlcay/image/upload/v1751818238/category-images/blakbc9a9trsi4hlrqao.png
7,personalcare,Personal Care,http://res.cloudinary.com/ddwitlcay/image/upload/v1751470419/category-images/gleicfxk7srdha9dmczj.png,8,femininecare,Feminine Care,http://res.cloudinary.com/ddwitlcay/image/upload/v1751818202/category-images/y5ti2rwg6monfhririzg.png
7,personalcare,Personal Care,http://res.cloudinary.com/ddwitlcay/image/upload/v1751470419/category-images/gleicfxk7srdha9dmczj.png,9,facewashscrub,Face Wash & Scrub,http://res.cloudinary.com/ddwitlcay/image/upload/v1751818189/category-images/dldr3tld8s253tyjflxu.webp
7,personalcare,Personal Care,http://res.cloudinary.com/ddwitlcay/image/upload/v1751470419/category-images/gleicfxk7srdha9dmczj.png,10,facecreamlotion,Face Cream & Lotion,http://res.cloudinary.com/ddwitlcay/image/upload/v1751818172/category-images/kcq0xuhrc0c5ujdezcoq.webp
7,personalcare,Personal Care,http://res.cloudinary.com/ddwitlcay/image/upload/v1751470419/category-images/gleicfxk7srdha9dmczj.png,11,facecare,Face Care,http://res.cloudinary.com/ddwitlcay/image/upload/v1751818158/category-images/n9llwaafzk8b3vusplpe.png
7,personalcare,Personal Care,http://res.cloudinary.com/ddwitlcay/image/upload/v1751470419/category-images/gleicfxk7srdha9dmczj.png,12,bathbeautygifts,Bath & Beauty Gifts,http://res.cloudinary.com/ddwitlcay/image/upload/v1751818143/category-images/rvanab2ovxboobjtdxsw.webp
7,personalcare,Personal Care,http://res.cloudinary.com/ddwitlcay/image/upload/v1751470419/category-images/gleicfxk7srdha9dmczj.png,13,bodymoisturizersmore,Body Moisturizers & More,http://res.cloudinary.com/ddwitlcay/image/upload/v1751818008/category-images/sczjbguimv14w3q2hhtr.png
7,personalcare,Personal Care,http://res.cloudinary.com/ddwitlcay/image/upload/v1751470419/category-images/gleicfxk7srdha9dmczj.png,14,fragrancetalc,Fragrance & Talc,http://res.cloudinary.com/ddwitlcay/image/upload/v1751817987/category-images/krffsjzmc51wtr5fuxwy.webp
8,paancorner,Paan corner,http://res.cloudinary.com/ddwitlcay/image/upload/v1751470394/category-images/g7jupynmefv2rxvwblqw.png,1,smokingcessationpaan,Smoking Cessation,http://res.cloudinary.com/ddwitlcay/image/upload/v1751817961/category-images/zhtzxfplmob8wm25eweq.webp
8,paancorner,Paan corner,http://res.cloudinary.com/ddwitlcay/image/upload/v1751470394/category-images/g7jupynmefv2rxvwblqw.png,2,paan,Paan,http://res.cloudinary.com/ddwitlcay/image/upload/v1751817704/category-images/oe0j2lwjtvkkg8gk7qdf.webp
8,paancorner,Paan corner,http://res.cloudinary.com/ddwitlcay/image/upload/v1751470394/category-images/g7jupynmefv2rxvwblqw.png,3,mouthfreshenerspaan,Mouth Fresheners,http://res.cloudinary.com/ddwitlcay/image/upload/v1751817693/category-images/zytlsogrtagp0jv4fffd.webp
8,paancorner,Paan corner,http://res.cloudinary.com/ddwitlcay/image/upload/v1751470394/category-images/g7jupynmefv2rxvwblqw.png,4,lightersaccessories,Lighters & Accessories,http://res.cloudinary.com/ddwitlcay/image/upload/v1751817677/category-images/gptpmvaeqjymqizuancb.webp
9,organichealthyliving,Organic & Healthy Living,http://res.cloudinary.com/ddwitlcay/image/upload/v1751470376/category-images/em7mekb5i5bkub2qq3px.png,1,healthyproteins,Healthy Proteins,http://res.cloudinary.com/ddwitlcay/image/upload/v1751817638/category-images/ppfdlved9eh3z6zbigkx.webp
9,organichealthyliving,Organic & Healthy Living,http://res.cloudinary.com/ddwitlcay/image/upload/v1751470376/category-images/em7mekb5i5bkub2qq3px.png,2,dryfruitsnutsseeds,Dry Fruits; Nuts & Seeds,http://res.cloudinary.com/ddwitlcay/image/upload/v1751817625/category-images/gxv2fxhvcjnw0v9jrfm1.png
9,organichealthyliving,Organic & Healthy Living,http://res.cloudinary.com/ddwitlcay/image/upload/v1751470376/category-images/em7mekb5i5bkub2qq3px.png,3,cookingessentials,Cooking Essentials,http://res.cloudinary.com/ddwitlcay/image/upload/v1751817606/category-images/xbqi5onjzyydnzxhajjq.png
9,organichealthyliving,Organic & Healthy Living,http://res.cloudinary.com/ddwitlcay/image/upload/v1751470376/category-images/em7mekb5i5bkub2qq3px.png,4,breakfastmore,Breakfast & More,http://res.cloudinary.com/ddwitlcay/image/upload/v1751817566/category-images/hegzrmcecgb16uhdniqc.webp
9,organichealthyliving,Organic & Healthy Living,http://res.cloudinary.com/ddwitlcay/image/upload/v1751470376/category-images/em7mekb5i5bkub2qq3px.png,5,babyfoodorganic,Baby Food,http://res.cloudinary.com/ddwitlcay/image/upload/v1751817547/category-images/tqtwtqtzmzpg3nf6dkyr.webp
10,masalaoilmore,Masala; Oil & More,http://res.cloudinary.com/ddwitlcay/image/upload/v1751470355/category-images/zgthmtfbhohvkiyepajh.png,1,wholespices,Whole Spices,http://res.cloudinary.com/ddwitlcay/image/upload/v1751817454/category-images/nq65qvi5lnf9e2v3k9br.webp
10,masalaoilmore,Masala; Oil & More,http://res.cloudinary.com/ddwitlcay/image/upload/v1751470355/category-images/zgthmtfbhohvkiyepajh.png,2,saltsugarjaggery,Salt; Sugar & Jaggery,http://res.cloudinary.com/ddwitlcay/image/upload/v1751817440/category-images/dy8hm2n1bbdrpwpmih5w.webp
10,masalaoilmore,Masala; Oil & More,http://res.cloudinary.com/ddwitlcay/image/upload/v1751470355/category-images/zgthmtfbhohvkiyepajh.png,3,powderedspices,Powdered Spices,http://res.cloudinary.com/ddwitlcay/image/upload/v1751817424/category-images/l8i6v41qyiw6o1f7hmkm.webp
10,masalaoilmore,Masala; Oil & More,http://res.cloudinary.com/ddwitlcay/image/upload/v1751470355/category-images/zgthmtfbhohvkiyepajh.png,4,papadfryums,Papad & Fryums,http://res.cloudinary.com/ddwitlcay/image/upload/v1751817408/category-images/nu8mlmjnp9fhgnaq44xg.webp
10,masalaoilmore,Masala; Oil & More,http://res.cloudinary.com/ddwitlcay/image/upload/v1751470355/category-images/zgthmtfbhohvkiyepajh.png,5,oil,Oil,http://res.cloudinary.com/ddwitlcay/image/upload/v1751817394/category-images/l300atipdgg1zfpgqquo.webp
10,masalaoilmore,Masala; Oil & More,http://res.cloudinary.com/ddwitlcay/image/upload/v1751470355/category-images/zgthmtfbhohvkiyepajh.png,6,gheevanaspati,Ghee & Vanaspati,http://res.cloudinary.com/ddwitlcay/image/upload/v1751817374/category-images/giyonbkspdeeitj80yh3.webp
10,masalaoilmore,Masala; Oil & More,http://res.cloudinary.com/ddwitlcay/image/upload/v1751470355/category-images/zgthmtfbhohvkiyepajh.png,7,dryfruits,Dry Fruits,http://res.cloudinary.com/ddwitlcay/image/upload/v1751817356/category-images/mdmheou9d5xobg7rroqz.webp
10,masalaoilmore,Masala; Oil & More,http://res.cloudinary.com/ddwitlcay/image/upload/v1751470355/category-images/zgthmtfbhohvkiyepajh.png,8,dryfruitsgiftpacks,Dry Fruits Gift Packs,http://res.cloudinary.com/ddwitlcay/image/upload/v1751817345/category-images/gqwenv4tyglgmp870bah.webp
10,masalaoilmore,Masala; Oil & More,http://res.cloudinary.com/ddwitlcay/image/upload/v1751470355/category-images/zgthmtfbhohvkiyepajh.png,9,datesseeds,Dates & Seeds,http://res.cloudinary.com/ddwitlcay/image/upload/v1751817306/category-images/jvjj64xqfnrw2wc6xiw5.webp
11,homeoffice,Home & Office,http://res.cloudinary.com/ddwitlcay/image/upload/v1751470336/category-images/oykp1nk7xeheepmyiye0.png,1,repellents,Repellents,http://res.cloudinary.com/ddwitlcay/image/upload/v1751817285/category-images/udjhp9bisxscykw3iiah.webp
11,homeoffice,Home & Office,http://res.cloudinary.com/ddwitlcay/image/upload/v1751470336/category-images/oykp1nk7xeheepmyiye0.png,2,homefurnishing,Home Furnishing,http://res.cloudinary.com/ddwitlcay/image/upload/v1751817262/category-images/c9jvfe4ddxdbtvqpcvr1.png
11,homeoffice,Home & Office,http://res.cloudinary.com/ddwitlcay/image/upload/v1751470336/category-images/oykp1nk7xeheepmyiye0.png,3,poojaneeds,Pooja Needs,http://res.cloudinary.com/ddwitlcay/image/upload/v1751817235/category-images/smaghaqesr6gpo0drqlm.webp
11,homeoffice,Home & Office,http://res.cloudinary.com/ddwitlcay/image/upload/v1751470336/category-images/oykp1nk7xeheepmyiye0.png,4,homedecor,Home Decor.webp,http://res.cloudinary.com/ddwitlcay/image/upload/v1751817198/category-images/xx1mrwugypmzntqedi1r.webp
11,homeoffice,Home & Office,http://res.cloudinary.com/ddwitlcay/image/upload/v1751470336/category-images/oykp1nk7xeheepmyiye0.png,5,partyessentials,Party Essentials,http://res.cloudinary.com/ddwitlcay/image/upload/v1751817180/category-images/iadkjr5qvyoyedafyac2.webp
11,homeoffice,Home & Office,http://res.cloudinary.com/ddwitlcay/image/upload/v1751470336/category-images/oykp1nk7xeheepmyiye0.png,6,homefurnishinghome,Home Furnishing,http://res.cloudinary.com/ddwitlcay/image/upload/v1751817161/category-images/wvo4luntp7sbiseahspe.png
11,homeoffice,Home & Office,http://res.cloudinary.com/ddwitlcay/image/upload/v1751470336/category-images/oykp1nk7xeheepmyiye0.png,7,plants,Plants,http://res.cloudinary.com/ddwitlcay/image/upload/v1751817142/category-images/h64tvrdctjxb0eyb06qj.webp
11,homeoffice,Home & Office,http://res.cloudinary.com/ddwitlcay/image/upload/v1751470336/category-images/oykp1nk7xeheepmyiye0.png,8,preciouscoinsjeweellery,Precious Coins & Jewellery,http://res.cloudinary.com/ddwitlcay/image/upload/v1751817124/category-images/ehg8zmzlxmzgwbnntcjr.webp
11,homeoffice,Home & Office,http://res.cloudinary.com/ddwitlcay/image/upload/v1751470336/category-images/oykp1nk7xeheepmyiye0.png,9,tissuesdisposables,Tissues & Disposables,http://res.cloudinary.com/ddwitlcay/image/upload/v1751817105/category-images/cvhleyr8kyhosn95znbj.webp
11,homeoffice,Home & Office,http://res.cloudinary.com/ddwitlcay/image/upload/v1751470336/category-images/oykp1nk7xeheepmyiye0.png,10,stationeryneeds,Stationery Needs,http://res.cloudinary.com/ddwitlcay/image/upload/v1751817082/category-images/sfbhx8holutt9fslibn3.webp
11,homeoffice,Home & Office,http://res.cloudinary.com/ddwitlcay/image/upload/v1751470336/category-images/oykp1nk7xeheepmyiye0.png,11,kitchendiningneeds,Kitchen & Dining Needs.webp,http://res.cloudinary.com/ddwitlcay/image/upload/v1751817065/category-images/zwcebt7wgjjn4sz0zdbt.webp
11,homeoffice,Home & Office,http://res.cloudinary.com/ddwitlcay/image/upload/v1751470336/category-images/oykp1nk7xeheepmyiye0.png,12,winterwear,Winter Wear,http://res.cloudinary.com/ddwitlcay/image/upload/v1751817052/category-images/sm64y0aoscwimqrrkpjj.png
11,homeoffice,Home & Office,http://res.cloudinary.com/ddwitlcay/image/upload/v1751470336/category-images/oykp1nk7xeheepmyiye0.png,13,garbagebags,Garbage Bags,http://res.cloudinary.com/ddwitlcay/image/upload/v1751817030/category-images/t4fgqlvwub5miotx89gg.webp
11,homeoffice,Home & Office,http://res.cloudinary.com/ddwitlcay/image/upload/v1751470336/category-images/oykp1nk7xeheepmyiye0.png,14,festivegifting,Festive Gifting,http://res.cloudinary.com/ddwitlcay/image/upload/v1751817010/category-images/ysmn2wsgnmvqr1fd5tnk.webp
11,homeoffice,Home & Office,http://res.cloudinary.com/ddwitlcay/image/upload/v1751470336/category-images/oykp1nk7xeheepmyiye0.png,15,fresheners,Fresheners,http://res.cloudinary.com/ddwitlcay/image/upload/v1751816992/category-images/lzrppyr2qtighqwevwkm.webp
11,homeoffice,Home & Office,http://res.cloudinary.com/ddwitlcay/image/upload/v1751470336/category-images/oykp1nk7xeheepmyiye0.png,16,festiveoccasionneeds,Festive & Occasion Needs,http://res.cloudinary.com/ddwitlcay/image/upload/v1751816972/category-images/twnlysq13uslqemofvmf.webp
11,homeoffice,Home & Office,http://res.cloudinary.com/ddwitlcay/image/upload/v1751470336/category-images/oykp1nk7xeheepmyiye0.png,17,electronicgifting,Electronic Gifting,http://res.cloudinary.com/ddwitlcay/image/upload/v1751816940/category-images/ef2nadp2iulcbzdwtevb.webp
11,homeoffice,Home & Office,http://res.cloudinary.com/ddwitlcay/image/upload/v1751470336/category-images/oykp1nk7xeheepmyiye0.png,18,electronicaccessories,Electronic Accessories,http://res.cloudinary.com/ddwitlcay/image/upload/v1751816923/category-images/utaxyekprxsbxskge7gl.webp
11,homeoffice,Home & Office,http://res.cloudinary.com/ddwitlcay/image/upload/v1751470336/category-images/oykp1nk7xeheepmyiye0.png,19,electricalaccessories,Electrical Accessories,http://res.cloudinary.com/ddwitlcay/image/upload/v1751816890/category-images/iyr8gii5cx1koqvudavu.webp
11,homeoffice,Home & Office,http://res.cloudinary.com/ddwitlcay/image/upload/v1751470336/category-images/oykp1nk7xeheepmyiye0.png,20,decorativelights,Decorative Lights,http://res.cloudinary.com/ddwitlcay/image/upload/v1751816873/category-images/moljtiycwsa3b1h9kjuz.png
11,homeoffice,Home & Office,http://res.cloudinary.com/ddwitlcay/image/upload/v1751470336/category-images/oykp1nk7xeheepmyiye0.png,21,clothingfootwearaccessories,Clothing; Footwear & Accessories,http://res.cloudinary.com/ddwitlcay/image/upload/v1751816855/category-images/c4kw8cmpxwfptnkf7hc4.webp
11,homeoffice,Home & Office,http://res.cloudinary.com/ddwitlcay/image/upload/v1751470336/category-images/oykp1nk7xeheepmyiye0.png,22,candlesdiyas,Candles & Diyas,http://res.cloudinary.com/ddwitlcay/image/upload/v1751816838/category-images/dcii84wkc1fo2rpswwu5.webp
11,homeoffice,Home & Office,http://res.cloudinary.com/ddwitlcay/image/upload/v1751470336/category-images/oykp1nk7xeheepmyiye0.png,23,bouquets,Bouquets,http://res.cloudinary.com/ddwitlcay/image/upload/v1751816818/category-images/j5ba22eobmbabzyiccdh.webp
11,homeoffice,Home & Office,http://res.cloudinary.com/ddwitlcay/image/upload/v1751470336/category-images/oykp1nk7xeheepmyiye0.png,24,bags,Bags,http://res.cloudinary.com/ddwitlcay/image/upload/v1751816803/category-images/b60ke8uy5c0lwvvh1yal.webp
11,homeoffice,Home & Office,http://res.cloudinary.com/ddwitlcay/image/upload/v1751470336/category-images/oykp1nk7xeheepmyiye0.png,25,audioaccessories,Audio & Accessories,http://res.cloudinary.com/ddwitlcay/image/upload/v1751816785/category-images/nejlge1zqbtxmey0806x.webp
11,homeoffice,Home & Office,http://res.cloudinary.com/ddwitlcay/image/upload/v1751470336/category-images/oykp1nk7xeheepmyiye0.png,26,appliances,Appliances,http://res.cloudinary.com/ddwitlcay/image/upload/v1751816029/category-images/vh8gqq4ylr1qxxv5kijn.webp
12,fruitsvegetables,Fruits & Vegetables,http://res.cloudinary.com/ddwitlcay/image/upload/v1751470320/category-images/hkclwdzyl7l55hipvqfg.png,1,leafiesherbs,Leafies & Herbs,http://res.cloudinary.com/ddwitlcay/image/upload/v1751815905/category-images/dujtfzbeie1nbioc6da8.png
12,fruitsvegetables,Fruits & Vegetables,http://res.cloudinary.com/ddwitlcay/image/upload/v1751470320/category-images/hkclwdzyl7l55hipvqfg.png,2,hydroponic,Hydroponic,http://res.cloudinary.com/ddwitlcay/image/upload/v1751815887/category-images/h7gzdxlj8a1yr1cigmzd.webp
12,fruitsvegetables,Fruits & Vegetables,http://res.cloudinary.com/ddwitlcay/image/upload/v1751470320/category-images/hkclwdzyl7l55hipvqfg.png,3,frozenveg,Frozen Veg,http://res.cloudinary.com/ddwitlcay/image/upload/v1751815875/category-images/dts2y1md62jtb05gvzxc.webp
12,fruitsvegetables,Fruits & Vegetables,http://res.cloudinary.com/ddwitlcay/image/upload/v1751470320/category-images/hkclwdzyl7l55hipvqfg.png,4,freshlycutsprouts,Freshly Cut Sprouts,http://res.cloudinary.com/ddwitlcay/image/upload/v1751815861/category-images/of5aywc48wwoklysryl1.webp
12,fruitsvegetables,Fruits & Vegetables,http://res.cloudinary.com/ddwitlcay/image/upload/v1751470320/category-images/hkclwdzyl7l55hipvqfg.png,5,freshvegetables,Fresh Vegetables,http://res.cloudinary.com/ddwitlcay/image/upload/v1751815847/category-images/vkbc6endfe8oa9yolc50.png
12,fruitsvegetables,Fruits & Vegetables,http://res.cloudinary.com/ddwitlcay/image/upload/v1751470320/category-images/hkclwdzyl7l55hipvqfg.png,6,freshjuicedips,Fresh Juice & Dips,http://res.cloudinary.com/ddwitlcay/image/upload/v1751815834/category-images/nrprhxysnsv1q2qh5kea.webp
12,fruitsvegetables,Fruits & Vegetables,http://res.cloudinary.com/ddwitlcay/image/upload/v1751470320/category-images/hkclwdzyl7l55hipvqfg.png,7,freshfruits,Fresh Fruits,http://res.cloudinary.com/ddwitlcay/image/upload/v1751815821/category-images/ubrncqyuoy8ekhkzq3kw.png
12,fruitsvegetables,Fruits & Vegetables,http://res.cloudinary.com/ddwitlcay/image/upload/v1751470320/category-images/hkclwdzyl7l55hipvqfg.png,8,comborecipes,Combo & Recipes,http://res.cloudinary.com/ddwitlcay/image/upload/v1751815766/category-images/vmscdmtzksaqswl1fjdn.webp
12,fruitsvegetables,Fruits & Vegetables,http://res.cloudinary.com/ddwitlcay/image/upload/v1751470320/category-images/hkclwdzyl7l55hipvqfg.png,9,certifiedorganic,Certified Organic,http://res.cloudinary.com/ddwitlcay/image/upload/v1751815752/category-images/w5gwtcdxxyh6vkim5gtd.webp
13,dairybreadeggs,Dairy; Bread & Eggs,http://res.cloudinary.com/ddwitlcay/image/upload/v1751470302/category-images/gxhyg4tmsn8bxtun9sxc.png,1,vermicelli,Vermicelli,http://res.cloudinary.com/ddwitlcay/image/upload/v1751815723/category-images/qbslftw7hxssmsff3kti.png
13,dairybreadeggs,Dairy; Bread & Eggs,http://res.cloudinary.com/ddwitlcay/image/upload/v1751470302/category-images/gxhyg4tmsn8bxtun9sxc.png,2,sausagesalamiham,Sausage; Salami & Ham,http://res.cloudinary.com/ddwitlcay/image/upload/v1751815711/category-images/p69hj7yth7gbbzsl2nnn.webp
13,dairybreadeggs,Dairy; Bread & Eggs,http://res.cloudinary.com/ddwitlcay/image/upload/v1751470302/category-images/gxhyg4tmsn8bxtun9sxc.png,3,pohadalianyothergrains,Poha; Daliya & Other Grains,http://res.cloudinary.com/ddwitlcay/image/upload/v1751815699/category-images/getyzvizdunarltubxfr.png
13,dairybreadeggs,Dairy; Bread & Eggs,http://res.cloudinary.com/ddwitlcay/image/upload/v1751470302/category-images/gxhyg4tmsn8bxtun9sxc.png,4,peanutbutter,Peanut Butter,http://res.cloudinary.com/ddwitlcay/image/upload/v1751815683/category-images/hqu0duz0b3kljsuzsehk.webp
13,dairybreadeggs,Dairy; Bread & Eggs,http://res.cloudinary.com/ddwitlcay/image/upload/v1751470302/category-images/gxhyg4tmsn8bxtun9sxc.png,5,paneertofu,Paneer & Tofu,http://res.cloudinary.com/ddwitlcay/image/upload/v1751815667/category-images/jdhd3pkjy4axqyfwea5o.webp
13,dairybreadeggs,Dairy; Bread & Eggs,http://res.cloudinary.com/ddwitlcay/image/upload/v1751470302/category-images/gxhyg4tmsn8bxtun9sxc.png,6,oats,Oats,http://res.cloudinary.com/ddwitlcay/image/upload/v1751815641/category-images/tmepndxzpr9yulcxweqs.webp
13,dairybreadeggs,Dairy; Bread & Eggs,http://res.cloudinary.com/ddwitlcay/image/upload/v1751470302/category-images/gxhyg4tmsn8bxtun9sxc.png,7,muesligranola,Muesli & Granola,http://res.cloudinary.com/ddwitlcay/image/upload/v1751815628/category-images/zssilp9v2rfkszrr1r0j.webp
13,dairybreadeggs,Dairy; Bread & Eggs,http://res.cloudinary.com/ddwitlcay/image/upload/v1751470302/category-images/gxhyg4tmsn8bxtun9sxc.png,8,milk,Milk,http://res.cloudinary.com/ddwitlcay/image/upload/v1751815606/category-images/tgamfzo4m04t9o3vsstj.webp
13,dairybreadeggs,Dairy; Bread & Eggs,http://res.cloudinary.com/ddwitlcay/image/upload/v1751470302/category-images/gxhyg4tmsn8bxtun9sxc.png,9,milkdrinks,Milk Drinks,http://res.cloudinary.com/ddwitlcay/image/upload/v1751815594/category-images/pyfewue1md4fsquirguz.webp
13,dairybreadeggs,Dairy; Bread & Eggs,http://res.cloudinary.com/ddwitlcay/image/upload/v1751470302/category-images/gxhyg4tmsn8bxtun9sxc.png,10,honeychyawnprash,Honey & Chyawnprash,http://res.cloudinary.com/ddwitlcay/image/upload/v1751815572/category-images/havgattzgo8gzzyvthon.webp
13,dairybreadeggs,Dairy; Bread & Eggs,http://res.cloudinary.com/ddwitlcay/image/upload/v1751470302/category-images/gxhyg4tmsn8bxtun9sxc.png,11,flakeskidscereals,Flakes & Kids Cereals,http://res.cloudinary.com/ddwitlcay/image/upload/v1751815552/category-images/i16g0kuofqoctx4odcaq.webp
13,dairybreadeggs,Dairy; Bread & Eggs,http://res.cloudinary.com/ddwitlcay/image/upload/v1751470302/category-images/gxhyg4tmsn8bxtun9sxc.png,12,energybars,Energy Bars,http://res.cloudinary.com/ddwitlcay/image/upload/v1751815481/category-images/qb1jvhxgsdydg2wi0jav.png
13,dairybreadeggs,Dairy; Bread & Eggs,http://res.cloudinary.com/ddwitlcay/image/upload/v1751470302/category-images/gxhyg4tmsn8bxtun9sxc.png,13,eggs,Eggs,http://res.cloudinary.com/ddwitlcay/image/upload/v1751815470/category-images/d7edgnhvel24fyv3oa12.webp
13,dairybreadeggs,Dairy; Bread & Eggs,http://res.cloudinary.com/ddwitlcay/image/upload/v1751470302/category-images/gxhyg4tmsn8bxtun9sxc.png,14,curdyogurt,Curd & Yogurt,http://res.cloudinary.com/ddwitlcay/image/upload/v1751815452/category-images/bpxbh7ej4qnd2lxgjaqk.png
13,dairybreadeggs,Dairy; Bread & Eggs,http://res.cloudinary.com/ddwitlcay/image/upload/v1751470302/category-images/gxhyg4tmsn8bxtun9sxc.png,15,creamwhitener,Cream & Whitener,http://res.cloudinary.com/ddwitlcay/image/upload/v1751815434/category-images/dwlx0jv3htcnkttjukjg.webp
13,dairybreadeggs,Dairy; Bread & Eggs,http://res.cloudinary.com/ddwitlcay/image/upload/v1751470302/category-images/gxhyg4tmsn8bxtun9sxc.png,16,condensedmilk,Condensed Milk.,http://res.cloudinary.com/ddwitlcay/image/upload/v1751815412/category-images/yczr9ke5qwsb2rbeelss.png
13,dairybreadeggs,Dairy; Bread & Eggs,http://res.cloudinary.com/ddwitlcay/image/upload/v1751470302/category-images/gxhyg4tmsn8bxtun9sxc.png,17,cheese,Cheese,http://res.cloudinary.com/ddwitlcay/image/upload/v1751815266/category-images/joa3jgwdydmhmiyxzj9x.webp
13,dairybreadeggs,Dairy; Bread & Eggs,http://res.cloudinary.com/ddwitlcay/image/upload/v1751470302/category-images/gxhyg4tmsn8bxtun9sxc.png,18,buttermore,Butter & More,http://res.cloudinary.com/ddwitlcay/image/upload/v1751815246/category-images/uvl97yv4lwb42ofhwtn1.webp
13,dairybreadeggs,Dairy; Bread & Eggs,http://res.cloudinary.com/ddwitlcay/image/upload/v1751470302/category-images/gxhyg4tmsn8bxtun9sxc.png,19,breakfastmixes,Breakfast Mixes,http://res.cloudinary.com/ddwitlcay/image/upload/v1751815234/category-images/jpnqmwklnwtdugrmmcfm.webp
13,dairybreadeggs,Dairy; Bread & Eggs,http://res.cloudinary.com/ddwitlcay/image/upload/v1751470302/category-images/gxhyg4tmsn8bxtun9sxc.png,20,breadpav,Bread & Pav,http://res.cloudinary.com/ddwitlcay/image/upload/v1751815211/category-images/iv45ajgpxhrv0emzkus4.webp
13,dairybreadeggs,Dairy; Bread & Eggs,http://res.cloudinary.com/ddwitlcay/image/upload/v1751470302/category-images/gxhyg4tmsn8bxtun9sxc.png,21,batter,Batter,http://res.cloudinary.com/ddwitlcay/image/upload/v1751815188/category-images/tyyr6yu71keaj5llgqtx.png
14,colddrinksjuices,Cold Drinks & Juices,http://res.cloudinary.com/ddwitlcay/image/upload/v1751470270/category-images/gaggfo6jjrauocwzaha3.png,1,watericecubes,Water & Ice Cubes,http://res.cloudinary.com/ddwitlcay/image/upload/v1751815091/category-images/uqn0wgvjhws5e2i7mgf0.webp
14,colddrinksjuices,Cold Drinks & Juices,http://res.cloudinary.com/ddwitlcay/image/upload/v1751470270/category-images/gaggfo6jjrauocwzaha3.png,2,softdrinks,Soft Drinks,http://res.cloudinary.com/ddwitlcay/image/upload/v1751815078/category-images/txsezukdv79k5v4orgpz.webp
14,colddrinksjuices,Cold Drinks & Juices,http://res.cloudinary.com/ddwitlcay/image/upload/v1751470270/category-images/gaggfo6jjrauocwzaha3.png,3,sodamixers,Soda & Mixers,http://res.cloudinary.com/ddwitlcay/image/upload/v1751815062/category-images/q6e55nhawxoismirj7oa.png
14,colddrinksjuices,Cold Drinks & Juices,http://res.cloudinary.com/ddwitlcay/image/upload/v1751470270/category-images/gaggfo6jjrauocwzaha3.png,4,purejuices,Pure Juices,http://res.cloudinary.com/ddwitlcay/image/upload/v1751815040/category-images/kytoclvcbmoevse9a2a9.webp
14,colddrinksjuices,Cold Drinks & Juices,http://res.cloudinary.com/ddwitlcay/image/upload/v1751470270/category-images/gaggfo6jjrauocwzaha3.png,5,mongodrinks,Mongo Drinks,http://res.cloudinary.com/ddwitlcay/image/upload/v1751815028/category-images/yta7dqmgzvqnfnyitqco.webp
14,colddrinksjuices,Cold Drinks & Juices,http://res.cloudinary.com/ddwitlcay/image/upload/v1751470270/category-images/gaggfo6jjrauocwzaha3.png,6,milkdrinksdrinks,Milk Drinks,http://res.cloudinary.com/ddwitlcay/image/upload/v1751815013/category-images/hhpf7vrprcz5qbidep2o.webp
14,colddrinksjuices,Cold Drinks & Juices,http://res.cloudinary.com/ddwitlcay/image/upload/v1751470270/category-images/gaggfo6jjrauocwzaha3.png,7,importedbeverages,Imported Beverages,http://res.cloudinary.com/ddwitlcay/image/upload/v1751814999/category-images/dxfhffubphpzeekwqo1l.webp
14,colddrinksjuices,Cold Drinks & Juices,http://res.cloudinary.com/ddwitlcay/image/upload/v1751470270/category-images/gaggfo6jjrauocwzaha3.png,8,herbaldrinksdrinks,Herbal Drinks,http://res.cloudinary.com/ddwitlcay/image/upload/v1751814985/category-images/biermdnt3fsudfpd1yqh.webp
14,colddrinksjuices,Cold Drinks & Juices,http://res.cloudinary.com/ddwitlcay/image/upload/v1751470270/category-images/gaggfo6jjrauocwzaha3.png,9,fruitjuicesdrinks,Fruit Juices,http://res.cloudinary.com/ddwitlcay/image/upload/v1751814971/category-images/q1orngpiprpvl8f0bqze.webp
14,colddrinksjuices,Cold Drinks & Juices,http://res.cloudinary.com/ddwitlcay/image/upload/v1751470270/category-images/gaggfo6jjrauocwzaha3.png,10,energydrinksdrinks,Energy Drinks,http://res.cloudinary.com/ddwitlcay/image/upload/v1751814960/category-images/wq7wsci5ydbaitco42kh.webp
14,colddrinksjuices,Cold Drinks & Juices,http://res.cloudinary.com/ddwitlcay/image/upload/v1751470270/category-images/gaggfo6jjrauocwzaha3.png,11,concentratessyrups,Concentrates & Syrups,http://res.cloudinary.com/ddwitlcay/image/upload/v1751814931/category-images/ewq7gycb3ltbj4l69vuu.webp
14,colddrinksjuices,Cold Drinks & Juices,http://res.cloudinary.com/ddwitlcay/image/upload/v1751470270/category-images/gaggfo6jjrauocwzaha3.png,12,coldcoffeiceTea,Cold Coffe & Ice Tea,http://res.cloudinary.com/ddwitlcay/image/upload/v1751814899/category-images/dfbmrqihqewj6538gxhn.webp
14,colddrinksjuices,Cold Drinks & Juices,http://res.cloudinary.com/ddwitlcay/image/upload/v1751470270/category-images/gaggfo6jjrauocwzaha3.png,13,coconutwater,Coconut Water,http://res.cloudinary.com/ddwitlcay/image/upload/v1751814879/category-images/xi94wiayjxmkyjttcaqe.webp
14,colddrinksjuices,Cold Drinks & Juices,http://res.cloudinary.com/ddwitlcay/image/upload/v1751470270/category-images/gaggfo6jjrauocwzaha3.png,14,beveragesgiftpacks,Beverages Gift Packs,http://res.cloudinary.com/ddwitlcay/image/upload/v1751814863/category-images/xrqbyyr32fmnekyxymhi.webp
15,cleaningessentials,Cleaning Essentials,http://res.cloudinary.com/ddwitlcay/image/upload/v1751470257/category-images/gxrgxytnzpikw40yhzfc.png,1,liquiddetergents,LIquid Detergents,http://res.cloudinary.com/ddwitlcay/image/upload/v1751814839/category-images/cinp4atdy3crhru0zgyh.webp
15,cleaningessentials,Cleaning Essentials,http://res.cloudinary.com/ddwitlcay/image/upload/v1751470257/category-images/gxrgxytnzpikw40yhzfc.png,2,laundryadditives,Laundry Additives,http://res.cloudinary.com/ddwitlcay/image/upload/v1751814821/category-images/flyymenmlftmjakhyvuc.webp
15,cleaningessentials,Cleaning Essentials,http://res.cloudinary.com/ddwitlcay/image/upload/v1751470257/category-images/gxrgxytnzpikw40yhzfc.png,3,garbagebagsclean,Garbage Bags,http://res.cloudinary.com/ddwitlcay/image/upload/v1751814784/category-images/vc1jfxmpdgygsvlutahm.webp
15,cleaningessentials,Cleaning Essentials,http://res.cloudinary.com/ddwitlcay/image/upload/v1751470257/category-images/gxrgxytnzpikw40yhzfc.png,4,freshenersclean,Fresheners,http://res.cloudinary.com/ddwitlcay/image/upload/v1751814759/category-images/lkxmvlba1oco0desymti.webp
15,cleaningessentials,Cleaning Essentials,http://res.cloudinary.com/ddwitlcay/image/upload/v1751470257/category-images/gxrgxytnzpikw40yhzfc.png,5,floorcleanersmore,Floor Cleaners & More,http://res.cloudinary.com/ddwitlcay/image/upload/v1751814745/category-images/nulhhyhudxj2sej9pim2.webp
15,cleaningessentials,Cleaning Essentials,http://res.cloudinary.com/ddwitlcay/image/upload/v1751470257/category-images/gxrgxytnzpikw40yhzfc.png,6,disinfectantmore,Disinfectant & More,http://res.cloudinary.com/ddwitlcay/image/upload/v1751814732/category-images/fcvuo1mxnjzwxnqzuuka.webp
15,cleaningessentials,Cleaning Essentials,http://res.cloudinary.com/ddwitlcay/image/upload/v1751470257/category-images/gxrgxytnzpikw40yhzfc.png,7,dishwashinggelspowder,Dishwashing Gels & Powder,http://res.cloudinary.com/ddwitlcay/image/upload/v1751814716/category-images/ksyrewkycpevt9l0cncw.webp
15,cleaningessentials,Cleaning Essentials,http://res.cloudinary.com/ddwitlcay/image/upload/v1751470257/category-images/gxrgxytnzpikw40yhzfc.png,8,dishwashingbars,Dishwashing Bars,http://res.cloudinary.com/ddwitlcay/image/upload/v1751814702/category-images/az4hk7uwn4sswtrmqbmu.webp
15,cleaningessentials,Cleaning Essentials,http://res.cloudinary.com/ddwitlcay/image/upload/v1751470257/category-images/gxrgxytnzpikw40yhzfc.png,9,dishwashingaccessories,Dishwashing Accessories,http://res.cloudinary.com/ddwitlcay/image/upload/v1751814673/category-images/xqapdyahzrh9yscgkkcu.webp
15,cleaningessentials,Cleaning Essentials,http://res.cloudinary.com/ddwitlcay/image/upload/v1751470257/category-images/gxrgxytnzpikw40yhzfc.png,10,detergentpowderbars,Detergent Powder & Bars,http://res.cloudinary.com/ddwitlcay/image/upload/v1751814639/category-images/tcl7yb9b5w7lmehyyecb.webp
15,cleaningessentials,Cleaning Essentials,http://res.cloudinary.com/ddwitlcay/image/upload/v1751470257/category-images/gxrgxytnzpikw40yhzfc.png,11,cleaningtools,Cleaning Tools,http://res.cloudinary.com/ddwitlcay/image/upload/v1751814617/category-images/uikcahz61nezhkpuk3pu.webp
16,bakerybiscuits,Bakery & Biscuits,http://res.cloudinary.com/ddwitlcay/image/upload/v1751470244/category-images/wdqn4sxbfyv2p7xghqbi.png,1,sweetsalt,Sweet & Salt,http://res.cloudinary.com/ddwitlcay/image/upload/v1751768655/category-images/ke8be0y10gx4moht6gvo.webp
16,bakerybiscuits,Bakery & Biscuits,http://res.cloudinary.com/ddwitlcay/image/upload/v1751470244/category-images/wdqn4sxbfyv2p7xghqbi.png,2,ruskswaferbiscuits,Rusks & Wafers,http://res.cloudinary.com/ddwitlcay/image/upload/v1751768638/category-images/xmfeu1wlqzfzelqescg8.png
16,bakerybiscuits,Bakery & Biscuits,http://res.cloudinary.com/ddwitlcay/image/upload/v1751470244/category-images/wdqn4sxbfyv2p7xghqbi.png,3,healthydigestive,Healthy & Digestive,http://res.cloudinary.com/ddwitlcay/image/upload/v1751768626/category-images/kfohp5mcflz1k3e2cpbs.webp
16,bakerybiscuits,Bakery & Biscuits,http://res.cloudinary.com/ddwitlcay/image/upload/v1751470244/category-images/wdqn4sxbfyv2p7xghqbi.png,4,glucosemarie,Glucose & Marie,http://res.cloudinary.com/ddwitlcay/image/upload/v1751768611/category-images/jjgrcbngu7wahv1mviiu.webp
16,bakerybiscuits,Bakery & Biscuits,http://res.cloudinary.com/ddwitlcay/image/upload/v1751470244/category-images/wdqn4sxbfyv2p7xghqbi.png,5,creambiscuits,Cream Biscuits,http://res.cloudinary.com/ddwitlcay/image/upload/v1751768599/category-images/yecqpu4nrsntvw3pw7r3.webp
16,bakerybiscuits,Bakery & Biscuits,http://res.cloudinary.com/ddwitlcay/image/upload/v1751470244/category-images/wdqn4sxbfyv2p7xghqbi.png,6,cookies,Cookies,http://res.cloudinary.com/ddwitlcay/image/upload/v1751768568/category-images/b0bp2lezgswt9shh5qmy.webp
16,bakerybiscuits,Bakery & Biscuits,http://res.cloudinary.com/ddwitlcay/image/upload/v1751470244/category-images/wdqn4sxbfyv2p7xghqbi.png,7,cakesrollsbiscuits,Cakes & Rolls,http://res.cloudinary.com/ddwitlcay/image/upload/v1751768535/category-images/bd9yvdsmwh58gutmtlta.webp
16,bakerybiscuits,Bakery & Biscuits,http://res.cloudinary.com/ddwitlcay/image/upload/v1751470244/category-images/wdqn4sxbfyv2p7xghqbi.png,8,breadpavbiscuits,Bread & Pav,http://res.cloudinary.com/ddwitlcay/image/upload/v1751768517/category-images/kwsyjjmhxnrqciiy5lue.webp
17,babycare,Baby Care,http://res.cloudinary.com/ddwitlcay/image/upload/v1751470230/category-images/rhp2xhwbuaf2ex1tifnq.png,1,skinhaircare,Skin & Hair Care,http://res.cloudinary.com/ddwitlcay/image/upload/v1751768490/category-images/msgfivyesk2hs1at3jei.webp
17,babycare,Baby Care,http://res.cloudinary.com/ddwitlcay/image/upload/v1751470230/category-images/rhp2xhwbuaf2ex1tifnq.png,2,oralnasal care,Oral & Nasal Care,http://res.cloudinary.com/ddwitlcay/image/upload/v1751768476/category-images/newdmpxvdwg6nn10qdqy.webp
17,babycare,Baby Care,http://res.cloudinary.com/ddwitlcay/image/upload/v1751470230/category-images/rhp2xhwbuaf2ex1tifnq.png,3,nursing,Nursing,http://res.cloudinary.com/ddwitlcay/image/upload/v1751768462/category-images/d6gknt4fohyw8lxopba4.webp
17,babycare,Baby Care,http://res.cloudinary.com/ddwitlcay/image/upload/v1751470230/category-images/rhp2xhwbuaf2ex1tifnq.png,4,momcareneeds,Mom Care Needs,http://res.cloudinary.com/ddwitlcay/image/upload/v1751768442/category-images/wyb5s0rix080ekdu1biu.webp
17,babycare,Baby Care,http://res.cloudinary.com/ddwitlcay/image/upload/v1751470230/category-images/rhp2xhwbuaf2ex1tifnq.png,5,hygiene,Hygiene,http://res.cloudinary.com/ddwitlcay/image/upload/v1751768424/category-images/axri1ogf8txbkd93ekxv.webp
17,babycare,Baby Care,http://res.cloudinary.com/ddwitlcay/image/upload/v1751470230/category-images/rhp2xhwbuaf2ex1tifnq.png,6,healthsafety,Health & Safety,http://res.cloudinary.com/ddwitlcay/image/upload/v1751768410/category-images/hewkmasrx3mjgvrhqcke.webp
17,babycare,Baby Care,http://res.cloudinary.com/ddwitlcay/image/upload/v1751470230/category-images/rhp2xhwbuaf2ex1tifnq.png,7,feeding,Feeding,http://res.cloudinary.com/ddwitlcay/image/upload/v1751768391/category-images/n7uuc7xzefyhg8f6htqk.webp
17,babycare,Baby Care,http://res.cloudinary.com/ddwitlcay/image/upload/v1751470230/category-images/rhp2xhwbuaf2ex1tifnq.png,8,dispersmore,Dispers & More,http://res.cloudinary.com/ddwitlcay/image/upload/v1751768375/category-images/snayhaxw1dooupdipu36.webp
17,babycare,Baby Care,http://res.cloudinary.com/ddwitlcay/image/upload/v1751470230/category-images/rhp2xhwbuaf2ex1tifnq.png,9,bathingneeds,Bathing Needs,http://res.cloudinary.com/ddwitlcay/image/upload/v1751768354/category-images/rahx6h3xtmortxd9xngx.webp
17,babycare,Baby Care,http://res.cloudinary.com/ddwitlcay/image/upload/v1751470230/category-images/rhp2xhwbuaf2ex1tifnq.png,10,babywipes,Baby Wipes,http://res.cloudinary.com/ddwitlcay/image/upload/v1751768339/category-images/j4ekb4ljhk9u8psxpyky.webp
17,babycare,Baby Care,http://res.cloudinary.com/ddwitlcay/image/upload/v1751470230/category-images/rhp2xhwbuaf2ex1tifnq.png,11,babygiftingtoys,Baby Gifting & Toys,http://res.cloudinary.com/ddwitlcay/image/upload/v1751768323/category-images/xfosgyzuslyzct75sfyu.png
17,babycare,Baby Care,http://res.cloudinary.com/ddwitlcay/image/upload/v1751470230/category-images/rhp2xhwbuaf2ex1tifnq.png,12,babyfoodbaby,Baby Food,http://res.cloudinary.com/ddwitlcay/image/upload/v1751767989/category-images/b8aquq6jcrculhgeoq3z.webp
17,babycare,Baby Care,http://res.cloudinary.com/ddwitlcay/image/upload/v1751470230/category-images/rhp2xhwbuaf2ex1tifnq.png,13,babyaccessoriesapparel,Baby Accessories & Apparel,http://res.cloudinary.com/ddwitlcay/image/upload/v1751767970/category-images/d2pibazvyxxlacn4bloz.png
18,attaricedal,Atta; Rice & Dal,http://res.cloudinary.com/ddwitlcay/image/upload/v1751470198/category-images/noaovf7t8jj61fby6lik.png,1,tooruradchana,Toor; Urad & Chana,http://res.cloudinary.com/ddwitlcay/image/upload/v1751767932/category-images/ukni4lmnukefy5bcjs2o.webp
18,attaricedal,Atta; Rice & Dal,http://res.cloudinary.com/ddwitlcay/image/upload/v1751470198/category-images/noaovf7t8jj61fby6lik.png,2,rice,Rice,http://res.cloudinary.com/ddwitlcay/image/upload/v1751767919/category-images/kjkg3kqg9d3rnvm3y8oc.webp
18,attaricedal,Atta; Rice & Dal,http://res.cloudinary.com/ddwitlcay/image/upload/v1751470198/category-images/noaovf7t8jj61fby6lik.png,3,rajmachholeothers,Rajma; Chhole & Others,http://res.cloudinary.com/ddwitlcay/image/upload/v1751767880/category-images/nfcifck77ztqkcyiunds.webp
18,attaricedal,Atta; Rice & Dal,http://res.cloudinary.com/ddwitlcay/image/upload/v1751470198/category-images/noaovf7t8jj61fby6lik.png,4,pohadaliyanothergrains,Poha; Daliya & Other Grains,http://res.cloudinary.com/ddwitlcay/image/upload/v1751767862/category-images/k3tkuuym7ptv1haqeuph.png
18,attaricedal,Atta; Rice & Dal,http://res.cloudinary.com/ddwitlcay/image/upload/v1751470198/category-images/noaovf7t8jj61fby6lik.png,5,moongmasoor,Moong & Masoor,http://res.cloudinary.com/ddwitlcay/image/upload/v1751767848/category-images/gu26efqzco7frmowqcai.webp
18,attaricedal,Atta; Rice & Dal,http://res.cloudinary.com/ddwitlcay/image/upload/v1751470198/category-images/noaovf7t8jj61fby6lik.png,6,milletotherflours,Millet & Other Flours,http://res.cloudinary.com/ddwitlcay/image/upload/v1751767827/category-images/qvdjuhezccwv0vrfbbx2.webp
18,attaricedal,Atta; Rice & Dal,http://res.cloudinary.com/ddwitlcay/image/upload/v1751470198/category-images/noaovf7t8jj61fby6lik.png,7,besansoojimaida,Besan; Sooji & Maida.,http://res.cloudinary.com/ddwitlcay/image/upload/v1751767806/category-images/e4oy3ecpbdcsehqttlai.webp
18,attaricedal,Atta; Rice & Dal,http://res.cloudinary.com/ddwitlcay/image/upload/v1751470198/category-images/noaovf7t8jj61fby6lik.png,8,atta,Atta,http://res.cloudinary.com/ddwitlcay/image/upload/v1751767785/category-images/nerahwtgvrfms1d9ispv.png
19,chickenmeatfish,Chicken; Meat & Fish.,http://res.cloudinary.com/ddwitlcay/image/upload/v1751414752/category-images/rwnqizwk5aipe0mmalbx.png,1,sausagesalamihammeat,Sausage; Salami & Ham,http://res.cloudinary.com/ddwitlcay/image/upload/v1751814585/category-images/l8k6q4oipgaexoo6xqsf.webp
19,chickenmeatfish,Chicken; Meat & Fish.,http://res.cloudinary.com/ddwitlcay/image/upload/v1751414752/category-images/rwnqizwk5aipe0mmalbx.png,2,fishseafood,Fish & Seafood,http://res.cloudinary.com/ddwitlcay/image/upload/v1751814569/category-images/zmxttnx1wafhvcr4l5pm.png
19,chickenmeatfish,Chicken; Meat & Fish.,http://res.cloudinary.com/ddwitlcay/image/upload/v1751414752/category-images/rwnqizwk5aipe0mmalbx.png,3,eggsmeat,Eggs,http://res.cloudinary.com/ddwitlcay/image/upload/v1751814554/category-images/uxxtzkebfxdlmr7robax.webp
19,chickenmeatfish,Chicken; Meat & Fish.,http://res.cloudinary.com/ddwitlcay/image/upload/v1751414752/category-images/rwnqizwk5aipe0mmalbx.png,4,chicken,Chicken,http://res.cloudinary.com/ddwitlcay/image/upload/v1751814538/category-images/vuyccm5cda7jvoy6xrp0.png
20,breakfastinstantfood,Breakfast & Instant Food,http://res.cloudinary.com/ddwitlcay/image/upload/v1751414716/category-images/alaskc73fnp6rvq63rki.png,1,soup,Soup,http://res.cloudinary.com/ddwitlcay/image/upload/v1751814514/category-images/acjqdwdoy5bxne8zdkji.webp
20,breakfastinstantfood,Breakfast & Instant Food,http://res.cloudinary.com/ddwitlcay/image/upload/v1751414716/category-images/alaskc73fnp6rvq63rki.png,2,readytocookeat,Ready to Cook & Eat,http://res.cloudinary.com/ddwitlcay/image/upload/v1751814501/category-images/hvvohbxodenntyw3qhkq.webp
20,breakfastinstantfood,Breakfast & Instant Food,http://res.cloudinary.com/ddwitlcay/image/upload/v1751414716/category-images/alaskc73fnp6rvq63rki.png,3,pasta,Pasta,http://res.cloudinary.com/ddwitlcay/image/upload/v1751814486/category-images/snf6zv564kuk5fiyfml2.webp
20,breakfastinstantfood,Breakfast & Instant Food,http://res.cloudinary.com/ddwitlcay/image/upload/v1751414716/category-images/alaskc73fnp6rvq63rki.png,4,noodles,Noodles,http://res.cloudinary.com/ddwitlcay/image/upload/v1751814468/category-images/ynyzy7jflggracv0pk7x.webp
20,breakfastinstantfood,Breakfast & Instant Food,http://res.cloudinary.com/ddwitlcay/image/upload/v1751414716/category-images/alaskc73fnp6rvq63rki.png,5,instantmixes,Instant Mixes,http://res.cloudinary.com/ddwitlcay/image/upload/v1751814454/category-images/lrsetcmv2rbd6nsyd7mu.webp
20,breakfastinstantfood,Breakfast & Instant Food,http://res.cloudinary.com/ddwitlcay/image/upload/v1751414716/category-images/alaskc73fnp6rvq63rki.png,6,importednoodlespasta,Imported Noodles & Pasta,http://res.cloudinary.com/ddwitlcay/image/upload/v1751814440/category-images/vmx2alyfkjswfy9y7bdy.webp
20,breakfastinstantfood,Breakfast & Instant Food,http://res.cloudinary.com/ddwitlcay/image/upload/v1751414716/category-images/alaskc73fnp6rvq63rki.png,7,herbsseasoning,Herbs & Seasoning,http://res.cloudinary.com/ddwitlcay/image/upload/v1751814425/category-images/kyuz8jti7xewhqtl1sdt.webp
20,breakfastinstantfood,Breakfast & Instant Food,http://res.cloudinary.com/ddwitlcay/image/upload/v1751414716/category-images/alaskc73fnp6rvq63rki.png,8,dessertcakemixes,Dessert & Cake Mixes,http://res.cloudinary.com/ddwitlcay/image/upload/v1751814397/category-images/uzmnhaeea3bivtm39msg.webp

